chain, residue_label, residue_name, score, zscore, probability, pocket
A,  698, ALA,  0.0185,  -0.3160,   0.0008, 0
A,  699, PRO,  0.0067,  -0.3212,   0.0006, 0
A,  700, ASN,  0.2003,  -0.2348,   0.0088, 0
A,  701, GLN,  0.0209,  -0.3149,   0.0008, 0
A,  702, ALA,  0.0465,  -0.3035,   0.0015, 0
A,  703, LEU,  0.1381,  -0.2626,   0.0052, 0
A,  704, LEU,  0.1409,  -0.2613,   0.0053, 0
A,  705, ARG,  0.1402,  -0.2617,   0.0053, 0
A,  706, ILE,  0.0366,  -0.3079,   0.0012, 0
A,  707, LEU,  0.0303,  -0.3107,   0.0010, 0
A,  708, LYS,  0.0087,  -0.3204,   0.0006, 0
A,  709, GLU,  0.2487,  -0.2132,   0.0123, 0
A,  710, THR,  0.0060,  -0.3216,   0.0005, 0
A,  711, GLU,  0.0095,  -0.3200,   0.0006, 0
A,  712, PHE,  0.2011,  -0.2344,   0.0089, 0
A,  713, LYS,  0.1713,  -0.2478,   0.0070, 0
A,  714, LYS,  0.2707,  -0.2034,   0.0142, 0
A,  715, ILE,  0.0962,  -0.2813,   0.0032, 0
A,  716, LYS,  0.0387,  -0.3070,   0.0012, 0
A,  717, VAL,  0.0920,  -0.2832,   0.0031, 0
A,  718, LEU,  0.6570,  -0.0309,   0.0693, 1
A,  719, GLY,  0.1693,  -0.2487,   0.0069, 1
A,  720, SER,  0.2544,  -0.2107,   0.0128, 0
A,  721, GLY,  0.3713,  -0.1585,   0.0242, 0
A,  722, ALA,  0.4326,  -0.1311,   0.0317, 1
A,  723, PHE,  0.4561,  -0.1206,   0.0349, 1
A,  724, GLY,  0.3388,  -0.1730,   0.0207, 0
A,  725, THR,  0.1510,  -0.2568,   0.0058, 0
A,  726, VAL,  0.9593,   0.1040,   0.1414, 1
A,  727, TYR,  0.4286,  -0.1329,   0.0312, 0
A,  728, LYS,  0.0955,  -0.2816,   0.0032, 0
A,  729, GLY,  0.0377,  -0.3074,   0.0012, 0
A,  730, LEU,  0.0819,  -0.2877,   0.0027, 0
A,  731, TRP,  0.0875,  -0.2852,   0.0029, 0
A,  732, ILE,  0.0308,  -0.3105,   0.0010, 0
A,  733, PRO,  0.0081,  -0.3206,   0.0006, 0
A,  734, GLU,  0.0090,  -0.3202,   0.0006, 0
A,  735, GLY,  0.0035,  -0.3227,   0.0005, 0
A,  736, GLU,  0.0154,  -0.3174,   0.0007, 0
A,  737, LYS,  0.0101,  -0.3197,   0.0006, 0
A,  738, VAL,  0.0169,  -0.3167,   0.0007, 0
A,  739, LYS,  0.0557,  -0.2994,   0.0018, 0
A,  740, ILE,  0.0218,  -0.3145,   0.0008, 0
A,  741, PRO,  0.1017,  -0.2788,   0.0035, 0
A,  742, VAL,  0.0266,  -0.3124,   0.0009, 0
A,  743, ALA,  1.0525,   0.1456,   0.1658, 1
A,  744, ILE,  0.3151,  -0.1836,   0.0182, 0
A,  745, LYS,  1.0544,   0.1465,   0.1663, 1
A,  746, GLU,  0.3356,  -0.1744,   0.0203, 0
A,  756, ASN,  0.0394,  -0.3067,   0.0013, 0
A,  757, LYS,  0.0448,  -0.3042,   0.0014, 0
A,  758, GLU,  0.0861,  -0.2858,   0.0028, 1
A,  759, ILE,  0.0400,  -0.3064,   0.0013, 0
A,  760, LEU,  0.1292,  -0.2666,   0.0047, 0
A,  761, ASP,  0.1451,  -0.2595,   0.0055, 0
A,  762, GLU,  0.8101,   0.0374,   0.1036, 1
A,  763, ALA,  0.0964,  -0.2812,   0.0032, 0
A,  764, TYR,  0.3811,  -0.1541,   0.0254, 0
A,  765, VAL,  0.2999,  -0.1904,   0.0168, 0
A,  766, MET,  0.7052,  -0.0094,   0.0794, 1
A,  767, ALA,  0.1756,  -0.2458,   0.0073, 0
A,  768, SER,  0.3303,  -0.1768,   0.0198, 0
A,  769, VAL,  0.2142,  -0.2286,   0.0098, 0
A,  770, ASP,  0.2499,  -0.2127,   0.0124, 0
A,  771, ASN,  0.2967,  -0.1918,   0.0165, 0
A,  772, PRO,  0.3109,  -0.1855,   0.0178, 0
A,  773, HIS,  0.3109,  -0.1854,   0.0178, 0
A,  774, VAL,  0.0541,  -0.3001,   0.0017, 0
A,  775, CYS,  0.7789,   0.0235,   0.0962, 0
A,  776, ARG,  0.2965,  -0.1919,   0.0165, 0
A,  777, LEU,  0.3143,  -0.1839,   0.0182, 0
A,  778, LEU,  0.2767,  -0.2007,   0.0147, 0
A,  779, GLY,  0.1176,  -0.2717,   0.0042, 0
A,  780, ILE,  0.0453,  -0.3040,   0.0014, 0
A,  781, CYS,  0.0079,  -0.3207,   0.0006, 0
A,  782, LEU,  0.0422,  -0.3054,   0.0013, 0
A,  783, THR,  0.0161,  -0.3171,   0.0007, 0
A,  784, SER,  0.0071,  -0.3211,   0.0006, 0
A,  785, THR,  0.0176,  -0.3164,   0.0008, 0
A,  786, VAL,  0.0196,  -0.3155,   0.0008, 0
A,  787, GLN,  0.2493,  -0.2129,   0.0124, 0
A,  788, LEU,  0.1698,  -0.2484,   0.0069, 1
A,  789, ILE,  0.0010,  -0.3238,   0.0005, 0
A,  790, THR,  0.9118,   0.0828,   0.1291, 1
A,  791, GLN,  0.6036,  -0.0548,   0.0589, 1
A,  792, LEU,  0.4383,  -0.1286,   0.0325, 1
A,  793, MET,  0.7247,  -0.0007,   0.0837, 1
A,  794, PRO,  0.1944,  -0.2375,   0.0084, 0
A,  795, PHE,  0.2843,  -0.1973,   0.0154, 0
A,  796, GLY,  0.3352,  -0.1746,   0.0203, 1
A,  797, CYS,  0.2890,  -0.1952,   0.0158, 1
A,  798, LEU,  0.0137,  -0.3181,   0.0007, 0
A,  799, LEU,  0.2985,  -0.1910,   0.0167, 0
A,  800, ASP,  0.0533,  -0.3005,   0.0017, 0
A,  801, TYR,  0.1842,  -0.2420,   0.0078, 0
A,  802, VAL,  0.0095,  -0.3200,   0.0006, 0
A,  803, ARG,  0.2890,  -0.1952,   0.0158, 0
A,  804, GLU,  0.0070,  -0.3211,   0.0006, 0
A,  805, HIS,  0.1513,  -0.2567,   0.0059, 0
A,  806, LYS,  0.0720,  -0.2921,   0.0023, 0
A,  807, ASP,  0.0575,  -0.2986,   0.0019, 0
A,  808, ASN,  0.1563,  -0.2544,   0.0061, 0
A,  809, ILE,  0.0967,  -0.2811,   0.0033, 0
A,  810, GLY,  0.0309,  -0.3105,   0.0010, 0
A,  811, SER,  0.0144,  -0.3178,   0.0007, 0
A,  812, GLN,  0.0690,  -0.2934,   0.0022, 0
A,  813, TYR,  0.2220,  -0.2251,   0.0103, 0
A,  814, LEU,  0.0970,  -0.2809,   0.0033, 0
A,  815, LEU,  0.0178,  -0.3163,   0.0008, 0
A,  816, ASN,  0.1386,  -0.2624,   0.0052, 0
A,  817, TRP,  0.1746,  -0.2463,   0.0072, 0
A,  818, CYS,  0.0940,  -0.2823,   0.0031, 0
A,  819, VAL,  0.2105,  -0.2303,   0.0095, 0
A,  820, GLN,  0.1987,  -0.2355,   0.0087, 0
A,  821, ILE,  0.0996,  -0.2798,   0.0034, 0
A,  822, ALA,  0.1104,  -0.2749,   0.0039, 0
A,  823, LYS,  0.3080,  -0.1867,   0.0176, 0
A,  824, GLY,  0.0750,  -0.2907,   0.0024, 0
A,  825, MET,  0.0000,  -0.3242,   0.0005, 0
A,  826, ASN,  0.0739,  -0.2913,   0.0024, 0
A,  827, TYR,  0.1791,  -0.2443,   0.0075, 0
A,  828, LEU,  0.0183,  -0.3161,   0.0008, 0
A,  829, GLU,  0.0293,  -0.3112,   0.0010, 0
A,  830, ASP,  0.0686,  -0.2936,   0.0022, 0
A,  831, ARG,  0.2061,  -0.2323,   0.0092, 0
A,  832, ARG,  0.0683,  -0.2937,   0.0022, 0
A,  833, LEU,  0.2262,  -0.2233,   0.0107, 0
A,  834, VAL,  0.1615,  -0.2521,   0.0064, 0
A,  835, HIS,  0.2526,  -0.2115,   0.0127, 0
A,  836, ARG,  0.5372,  -0.0844,   0.0472, 0
A,  837, ASP,  0.5421,  -0.0822,   0.0480, 1
A,  838, LEU,  0.3130,  -0.1845,   0.0180, 0
A,  839, ALA,  0.0346,  -0.3088,   0.0011, 0
A,  840, ALA,  0.0080,  -0.3207,   0.0006, 0
A,  841, ARG,  0.6702,  -0.0250,   0.0721, 1
A,  842, ASN,  0.3783,  -0.1553,   0.0250, 1
A,  843, VAL,  0.0157,  -0.3172,   0.0007, 0
A,  844, LEU,  1.4006,   0.3010,   0.2575, 1
A,  845, VAL,  0.0000,  -0.3242,   0.0005, 0
A,  846, LYS,  0.0361,  -0.3081,   0.0012, 0
A,  847, THR,  0.0195,  -0.3155,   0.0008, 0
A,  848, PRO,  0.1675,  -0.2495,   0.0068, 0
A,  849, GLN,  0.1931,  -0.2380,   0.0083, 0
A,  850, HIS,  0.1247,  -0.2686,   0.0045, 0
A,  851, VAL,  0.0133,  -0.3183,   0.0007, 0
A,  852, LYS,  0.0810,  -0.2881,   0.0026, 0
A,  853, ILE,  0.0056,  -0.3217,   0.0005, 0
A,  854, THR,  1.1624,   0.1947,   0.1948, 1
A,  855, ASP,  1.1492,   0.1888,   0.1913, 1
A,  856, PHE,  0.5783,  -0.0661,   0.0542, 0
A,  857, GLY,  0.4388,  -0.1284,   0.0325, 1
A,  858, LEU,  0.4769,  -0.1113,   0.0378, 1
A,  859, ALA,  0.1937,  -0.2378,   0.0084, 0
A,  860, LYS,  0.3547,  -0.1659,   0.0224, 0
A,  861, LEU,  0.2778,  -0.2002,   0.0148, 0
A,  862, LEU,  0.0814,  -0.2879,   0.0027, 0
A,  866, GLU,  0.0259,  -0.3127,   0.0009, 0
A,  867, LYS,  0.0341,  -0.3090,   0.0011, 0
A,  868, GLU,  0.0344,  -0.3089,   0.0011, 0
A,  869, TYR,  0.0668,  -0.2944,   0.0021, 0
A,  870, HIS,  0.0545,  -0.2999,   0.0018, 0
A,  871, ALA,  0.1331,  -0.2648,   0.0049, 0
A,  872, GLU,  0.0686,  -0.2936,   0.0022, 0
A,  875, LYS,  0.1493,  -0.2576,   0.0057, 0
A,  876, VAL,  0.2540,  -0.2108,   0.0128, 0
A,  877, PRO,  0.2683,  -0.2045,   0.0140, 1
A,  878, ILE,  0.2002,  -0.2349,   0.0088, 0
A,  879, LYS,  0.3438,  -0.1707,   0.0212, 0
A,  880, TRP,  0.7500,   0.0106,   0.0894, 0
A,  881, MET,  0.5942,  -0.0590,   0.0571, 0
A,  882, ALA,  0.3431,  -0.1711,   0.0211, 0
A,  883, LEU,  0.1544,  -0.2553,   0.0060, 0
A,  884, GLU,  0.2418,  -0.2163,   0.0118, 0
A,  885, SER,  0.3496,  -0.1682,   0.0218, 0
A,  886, ILE,  0.1197,  -0.2708,   0.0043, 0
A,  887, LEU,  0.1130,  -0.2738,   0.0040, 0
A,  888, HIS,  0.1743,  -0.2464,   0.0072, 0
A,  889, ARG,  0.0873,  -0.2853,   0.0029, 0
A,  890, ILE,  0.1868,  -0.2408,   0.0079, 0
A,  891, TYR,  0.4323,  -0.1313,   0.0317, 0
A,  892, THR,  0.2819,  -0.1984,   0.0152, 0
A,  893, HIS,  0.0326,  -0.3097,   0.0011, 0
A,  894, GLN,  0.0822,  -0.2875,   0.0027, 0
A,  895, SER,  0.3752,  -0.1567,   0.0247, 0
A,  896, ASP,  0.3163,  -0.1830,   0.0184, 0
A,  897, VAL,  0.1541,  -0.2555,   0.0060, 0
A,  898, TRP,  0.2667,  -0.2052,   0.0138, 0
A,  899, SER,  0.3342,  -0.1750,   0.0202, 0
A,  900, TYR,  0.2480,  -0.2135,   0.0123, 0
A,  901, GLY,  0.1541,  -0.2555,   0.0060, 0
A,  902, VAL,  0.3471,  -0.1693,   0.0215, 0
A,  903, THR,  0.0940,  -0.2823,   0.0031, 0
A,  904, VAL,  0.2480,  -0.2135,   0.0123, 0
A,  905, TRP,  0.2214,  -0.2254,   0.0103, 0
A,  906, GLU,  0.2857,  -0.1967,   0.0155, 0
A,  907, LEU,  0.0940,  -0.2823,   0.0031, 0
A,  908, MET,  0.0629,  -0.2962,   0.0020, 0
A,  909, THR,  0.1249,  -0.2685,   0.0045, 0
A,  910, PHE,  0.1562,  -0.2545,   0.0061, 0
A,  911, GLY,  0.0912,  -0.2835,   0.0030, 0
A,  912, SER,  0.2302,  -0.2215,   0.0110, 0
A,  913, LYS,  0.3138,  -0.1842,   0.0181, 0
A,  914, PRO,  0.2978,  -0.1913,   0.0166, 0
A,  915, TYR,  0.2243,  -0.2241,   0.0105, 0
A,  916, ASP,  0.0269,  -0.3122,   0.0009, 0
A,  917, GLY,  0.0284,  -0.3116,   0.0010, 0
A,  918, ILE,  0.0694,  -0.2932,   0.0022, 0
A,  919, PRO,  0.0525,  -0.3008,   0.0017, 0
A,  920, ALA,  0.0821,  -0.2876,   0.0027, 0
A,  921, SER,  0.0419,  -0.3055,   0.0013, 0
A,  922, GLU,  0.0076,  -0.3208,   0.0006, 0
A,  923, ILE,  0.0284,  -0.3115,   0.0010, 0
A,  924, SER,  0.0711,  -0.2925,   0.0023, 0
A,  925, SER,  0.0019,  -0.3234,   0.0005, 0
A,  926, ILE,  0.0112,  -0.3192,   0.0006, 0
A,  927, LEU,  0.2541,  -0.2108,   0.0128, 0
A,  928, GLU,  0.0942,  -0.2822,   0.0031, 0
A,  929, LYS,  0.0023,  -0.3232,   0.0005, 0
A,  930, GLY,  0.0312,  -0.3103,   0.0010, 0
A,  931, GLU,  0.2445,  -0.2151,   0.0120, 0
A,  932, ARG,  0.3010,  -0.1899,   0.0169, 0
A,  933, LEU,  0.2077,  -0.2315,   0.0093, 0
A,  934, PRO,  0.0659,  -0.2948,   0.0021, 0
A,  935, GLN,  0.0664,  -0.2946,   0.0021, 0
A,  936, PRO,  0.0305,  -0.3106,   0.0010, 0
A,  937, PRO,  0.1222,  -0.2697,   0.0044, 0
A,  938, ILE,  0.1204,  -0.2705,   0.0043, 0
A,  939, CYS,  0.0127,  -0.3186,   0.0007, 0
A,  940, THR,  0.0137,  -0.3181,   0.0007, 0
A,  941, ILE,  0.0463,  -0.3036,   0.0015, 0
A,  942, ASP,  0.1604,  -0.2526,   0.0064, 0
A,  943, VAL,  0.1786,  -0.2445,   0.0074, 0
A,  944, TYR,  0.0470,  -0.3033,   0.0015, 0
A,  945, MET,  0.1016,  -0.2789,   0.0035, 0
A,  946, ILE,  0.3367,  -0.1739,   0.0205, 0
A,  947, MET,  0.1896,  -0.2396,   0.0081, 0
A,  948, VAL,  0.1833,  -0.2424,   0.0077, 0
A,  949, LYS,  0.1006,  -0.2793,   0.0034, 0
A,  950, CYS,  0.1896,  -0.2396,   0.0081, 0
A,  951, TRP,  0.3506,  -0.1677,   0.0219, 0
A,  952, MET,  0.1838,  -0.2422,   0.0078, 0
A,  953, ILE,  0.2197,  -0.2262,   0.0102, 0
A,  954, ASP,  0.0952,  -0.2817,   0.0032, 0
A,  955, ALA,  0.1458,  -0.2591,   0.0056, 0
A,  956, ASP,  0.0464,  -0.3035,   0.0015, 0
A,  957, SER,  0.0246,  -0.3133,   0.0009, 0
A,  958, ARG,  0.1933,  -0.2380,   0.0083, 0
A,  959, PRO,  0.0696,  -0.2932,   0.0022, 0
A,  960, LYS,  0.0297,  -0.3110,   0.0010, 0
A,  961, PHE,  0.0020,  -0.3233,   0.0005, 0
A,  962, ARG,  0.0257,  -0.3128,   0.0009, 0
A,  963, GLU,  0.0370,  -0.3077,   0.0012, 0
A,  964, LEU,  0.2161,  -0.2278,   0.0099, 0
A,  965, ILE,  0.0607,  -0.2972,   0.0020, 0
A,  966, ILE,  0.0195,  -0.3156,   0.0008, 0
A,  967, GLU,  0.2102,  -0.2304,   0.0095, 0
A,  968, PHE,  0.1639,  -0.2511,   0.0066, 0
A,  969, SER,  0.0383,  -0.3071,   0.0012, 0
A,  970, LYS,  0.0754,  -0.2906,   0.0024, 0
A,  971, MET,  0.1448,  -0.2596,   0.0055, 0
A,  972, ALA,  0.0233,  -0.3139,   0.0009, 0
A,  973, ARG,  0.0629,  -0.2961,   0.0020, 0
A,  974, ASP,  0.0056,  -0.3217,   0.0005, 0
A,  975, PRO,  0.0057,  -0.3217,   0.0005, 0
A,  976, GLN,  0.0093,  -0.3201,   0.0006, 0
A,  977, ARG,  0.0293,  -0.3111,   0.0010, 0
A,  978, TYR,  0.1489,  -0.2578,   0.0057, 0
A,  979, LEU,  0.0007,  -0.3239,   0.0005, 0
A,  980, VAL,  0.0359,  -0.3082,   0.0012, 0
A,  981, ILE,  0.0624,  -0.2964,   0.0020, 0
A,  982, GLN,  0.0294,  -0.3111,   0.0010, 0
A,  983, GLY,  0.0055,  -0.3218,   0.0005, 0
A,  984, ASP,  0.0185,  -0.3160,   0.0008, 0
A, 1008, ASP,  0.0511,  -0.3014,   0.0016, 0
A, 1009, ASP,  0.0210,  -0.3149,   0.0008, 0
A, 1010, VAL,  0.0612,  -0.2969,   0.0020, 0
A, 1011, VAL,  0.0258,  -0.3127,   0.0009, 0
A, 1012, ASP,  0.0350,  -0.3086,   0.0011, 0
A, 1013, ALA,  0.1429,  -0.2604,   0.0054, 0
A, 1014, ASP,  0.1094,  -0.2754,   0.0038, 0
A, 1015, GLU,  0.0167,  -0.3168,   0.0007, 0
A, 1016, TYR,  0.1668,  -0.2498,   0.0068, 0
A, 1017, LEU,  0.0536,  -0.3003,   0.0017, 0
